,pid,country_code,country,region,income group,scraped_date,model_en,price2,price_local_currency,Currency CodeA,X,USD_Normalized,USD_Normalized_MEAN
0,1,AU,Australia,East Asia & Pacific,High income,2022-01-02 21:52:06.630535,iPhone SE,679,679.0,AUD,1.3861900568008425,489.8318211624235,450.67000924537723
1,2,AU,Australia,East Asia & Pacific,High income,2022-01-02 21:52:06.630535,iPhone 12,999,999.0,AUD,1.3861900568008425,720.6803966734332,450.67000924537723
2,4,AU,Australia,East Asia & Pacific,High income,2022-01-02 21:52:06.630535,AirPods Pro,399,399.0,AUD,1.3861900568008425,287.83931759029014,450.67000924537723
3,5,AU,Australia,East Asia & Pacific,High income,2022-01-02 21:52:06.630535,AirPods(2nd generation),219,219.0,AUD,1.3861900568008425,157.98699386534722,450.67000924537723
4,7,AU,Australia,East Asia & Pacific,High income,2022-01-02 21:52:06.630535,Apple TV 4K,249,249.0,AUD,1.3861900568008425,179.62904781950436,450.67000924537723
5,8,AU,Australia,East Asia & Pacific,High income,2022-01-02 21:52:06.630535,Apple Watch SE,429,429.0,AUD,1.3861900568008425,309.48137154444726,450.67000924537723
6,9,AU,Australia,East Asia & Pacific,High income,2022-01-02 21:52:06.630535,Apple Watch Series 3,299,299.0,AUD,1.3861900568008425,215.6991377430996,450.67000924537723
7,10,AU,Australia,East Asia & Pacific,High income,2022-01-02 21:52:06.630535,Sport Band,69,69.0,AUD,1.3861900568008425,49.77672409456145,450.67000924537723
8,11,AU,Australia,East Asia & Pacific,High income,2022-01-02 21:52:06.630535,iPad,499,499.0,AUD,1.3861900568008425,359.97949743748063,450.67000924537723
9,12,AU,Australia,East Asia & Pacific,High income,2022-01-02 21:52:06.630535,iPad Pro,"1,199",1199.0,AUD,1.3861900568008425,864.9607563678142,450.67000924537723
10,13,AU,Australia,East Asia & Pacific,High income,2022-01-02 21:52:06.630535,Apple Pencil (2nd generation),199,199.0,AUD,1.3861900568008425,143.55895789590912,450.67000924537723
11,14,AU,Australia,East Asia & Pacific,High income,2022-01-02 21:52:06.630535,24-inch iMac,"1,899",1899.0,AUD,1.3861900568008425,1369.9420152981477,450.67000924537723
12,15,AU,Australia,East Asia & Pacific,High income,2022-01-02 21:52:06.630535,MacBook Air,"1,499",1499.0,AUD,1.3861900568008425,1081.3812959093857,450.67000924537723
13,16,AU,Australia,East Asia & Pacific,High income,2022-01-02 21:52:06.630535,Magic Mouse,109,109.0,AUD,1.3861900568008425,78.63279603343766,450.67000924537723
14,1,AT,Austria,Europe & Central Asia,High income,2022-01-02 21:52:07.703491,iPhone SE,479,479.0,EUR,0.8845999836921692,541.4876880290409,517.4251573054122
15,2,AT,Austria,Europe & Central Asia,High income,2022-01-02 21:52:07.703491,iPhone 12,679,679.0,EUR,0.8845999836921692,767.5785807342772,517.4251573054122
16,4,AT,Austria,Europe & Central Asia,High income,2022-01-02 21:52:07.703491,AirPods Pro,279,279.0,EUR,0.8845999836921692,315.3967953238046,517.4251573054122
17,5,AT,Austria,Europe & Central Asia,High income,2022-01-02 21:52:07.703491,AirPods(2nd generation),149,149.0,EUR,0.8845999836921692,168.43771506540105,517.4251573054122
18,8,AT,Austria,Europe & Central Asia,High income,2022-01-02 21:52:07.703491,Apple TV 4K,199,199.0,EUR,0.8845999836921692,224.9604382417101,517.4251573054122
19,9,AT,Austria,Europe & Central Asia,High income,2022-01-02 21:52:07.703491,Apple Watch SE,299,299.0,EUR,0.8845999836921692,338.0058845943283,517.4251573054122
20,10,AT,Austria,Europe & Central Asia,High income,2022-01-02 21:52:07.703491,Apple Watch Series 3,219,219.0,EUR,0.8845999836921692,247.56952751223375,517.4251573054122
21,11,AT,Austria,Europe & Central Asia,High income,2022-01-02 21:52:07.703491,Sport Band,49,49.0,EUR,0.8845999836921692,55.392268712782894,517.4251573054122
22,12,AT,Austria,Europe & Central Asia,High income,2022-01-02 21:52:07.703491,iPad,379,379.0,EUR,0.8845999836921692,428.4422416764228,517.4251573054122
23,13,AT,Austria,Europe & Central Asia,High income,2022-01-02 21:52:07.703491,iPad Pro,879,879.0,EUR,0.8845999836921692,993.6694734395135,517.4251573054122
24,14,AT,Austria,Europe & Central Asia,High income,2022-01-02 21:52:07.703491,Apple Pencil (2nd generation),135,135.0,EUR,0.8845999836921692,152.6113525760345,517.4251573054122
25,15,AT,Austria,Europe & Central Asia,High income,2022-01-02 21:52:07.703491,24-inch iMac,1.449,1449.0,EUR,0.8845999836921692,1638.028517649437,517.4251573054122
26,16,AT,Austria,Europe & Central Asia,High income,2022-01-02 21:52:07.703491,MacBook Air,1.129,1129.0,EUR,0.8845999836921692,1276.283089321059,517.4251573054122
27,17,AT,Austria,Europe & Central Asia,High income,2022-01-02 21:52:07.703491,Magic Mouse,85,85.0,EUR,0.8845999836921692,96.08862939972542,517.4251573054122
28,1,DE,Germany,Europe & Central Asia,High income,2022-01-02 21:52:14.030932,iPhone SE,479,479.0,EUR,0.8845999836921692,541.4876880290409,517.4251573054122
29,2,DE,Germany,Europe & Central Asia,High income,2022-01-02 21:52:14.030932,iPhone 12,679,679.0,EUR,0.8845999836921692,767.5785807342772,517.4251573054122
30,4,DE,Germany,Europe & Central Asia,High income,2022-01-02 21:52:14.030932,AirPods Pro,279,279.0,EUR,0.8845999836921692,315.3967953238046,517.4251573054122
31,5,DE,Germany,Europe & Central Asia,High income,2022-01-02 21:52:14.030932,AirPods(2nd generation),149,149.0,EUR,0.8845999836921692,168.43771506540105,517.4251573054122
32,7,DE,Germany,Europe & Central Asia,High income,2022-01-02 21:52:14.030932,Apple TV 4K,199,199.0,EUR,0.8845999836921692,224.9604382417101,517.4251573054122
33,8,DE,Germany,Europe & Central Asia,High income,2022-01-02 21:52:14.030932,Apple Watch SE,299,299.0,EUR,0.8845999836921692,338.0058845943283,517.4251573054122
34,9,DE,Germany,Europe & Central Asia,High income,2022-01-02 21:52:14.030932,Apple Watch Series 3,219,219.0,EUR,0.8845999836921692,247.56952751223375,517.4251573054122
35,10,DE,Germany,Europe & Central Asia,High income,2022-01-02 21:52:14.030932,Sport Band,49,49.0,EUR,0.8845999836921692,55.392268712782894,517.4251573054122
36,11,DE,Germany,Europe & Central Asia,High income,2022-01-02 21:52:14.030932,iPad,379,379.0,EUR,0.8845999836921692,428.4422416764228,517.4251573054122
37,12,DE,Germany,Europe & Central Asia,High income,2022-01-02 21:52:14.030932,iPad Pro,879,879.0,EUR,0.8845999836921692,993.6694734395135,517.4251573054122
38,13,DE,Germany,Europe & Central Asia,High income,2022-01-02 21:52:14.030932,Apple Pencil (2nd generation),135,135.0,EUR,0.8845999836921692,152.6113525760345,517.4251573054122
39,14,DE,Germany,Europe & Central Asia,High income,2022-01-02 21:52:14.030932,24-inch iMac,1.449,1449.0,EUR,0.8845999836921692,1638.028517649437,517.4251573054122
40,15,DE,Germany,Europe & Central Asia,High income,2022-01-02 21:52:14.030932,MacBook Air,1.129,1129.0,EUR,0.8845999836921692,1276.283089321059,517.4251573054122
41,16,DE,Germany,Europe & Central Asia,High income,2022-01-02 21:52:14.030932,Magic Mouse,85,85.0,EUR,0.8845999836921692,96.08862939972542,517.4251573054122
42,1,ES,Spain,Europe & Central Asia,High income,2022-01-02 21:52:16.456271,iPhone SE,489,489.0,EUR,0.8845999836921692,552.7922326643028,519.0400922533067
43,2,ES,Spain,Europe & Central Asia,High income,2022-01-02 21:52:16.456271,iPhone 12,689,689.0,EUR,0.8845999836921692,778.883125369539,519.0400922533067
44,4,ES,Spain,Europe & Central Asia,High income,2022-01-02 21:52:16.456271,AirPods Pro,279,279.0,EUR,0.8845999836921692,315.3967953238046,519.0400922533067
45,5,ES,Spain,Europe & Central Asia,High income,2022-01-02 21:52:16.456271,AirPods(2nd generation),149,149.0,EUR,0.8845999836921692,168.43771506540105,519.0400922533067
46,7,ES,Spain,Europe & Central Asia,High income,2022-01-02 21:52:16.456271,Apple TV 4K,199,199.0,EUR,0.8845999836921692,224.9604382417101,519.0400922533067
47,9,ES,Spain,Europe & Central Asia,High income,2022-01-02 21:52:16.456271,Apple Watch SE,299,299.0,EUR,0.8845999836921692,338.0058845943283,519.0400922533067
48,10,ES,Spain,Europe & Central Asia,High income,2022-01-02 21:52:16.456271,Apple Watch Series 3,219,219.0,EUR,0.8845999836921692,247.56952751223375,519.0400922533067
49,11,ES,Spain,Europe & Central Asia,High income,2022-01-02 21:52:16.456271,Sport Band,49,49.0,EUR,0.8845999836921692,55.392268712782894,519.0400922533067
50,12,ES,Spain,Europe & Central Asia,High income,2022-01-02 21:52:16.456271,iPad,379,379.0,EUR,0.8845999836921692,428.4422416764228,519.0400922533067
51,13,ES,Spain,Europe & Central Asia,High income,2022-01-02 21:52:16.456271,iPad Pro,879,879.0,EUR,0.8845999836921692,993.6694734395135,519.0400922533067
52,14,ES,Spain,Europe & Central Asia,High income,2022-01-02 21:52:16.456271,Apple Pencil (2nd generation),135,135.0,EUR,0.8845999836921692,152.6113525760345,519.0400922533067
53,15,ES,Spain,Europe & Central Asia,High income,2022-01-02 21:52:16.456271,24-inch iMac,1.449,1449.0,EUR,0.8845999836921692,1638.028517649437,519.0400922533067
54,16,ES,Spain,Europe & Central Asia,High income,2022-01-02 21:52:16.456271,MacBook Air,1.129,1129.0,EUR,0.8845999836921692,1276.283089321059,519.0400922533067
55,17,ES,Spain,Europe & Central Asia,High income,2022-01-02 21:52:16.456271,Magic Mouse,85,85.0,EUR,0.8845999836921692,96.08862939972542,519.0400922533067
56,1,FI,Finland,Europe & Central Asia,High income,2022-01-02 21:52:18.126048,iPhone SE,499,499.0,EUR,0.8845999836921692,564.0967772995646,533.5745067843576
57,2,FI,Finland,Europe & Central Asia,High income,2022-01-02 21:52:18.126048,iPhone 12,709,709.0,EUR,0.8845999836921692,801.4922146400627,533.5745067843576
58,4,FI,Finland,Europe & Central Asia,High income,2022-01-02 21:52:18.126048,AirPods Pro,279,279.0,EUR,0.8845999836921692,315.3967953238046,533.5745067843576
59,5,FI,Finland,Europe & Central Asia,High income,2022-01-02 21:52:18.126048,AirPods(2nd generation),149,149.0,EUR,0.8845999836921692,168.43771506540105,533.5745067843576
60,7,FI,Finland,Europe & Central Asia,High income,2022-01-02 21:52:18.126048,Apple TV 4K,199,199.0,EUR,0.8845999836921692,224.9604382417101,533.5745067843576
61,8,FI,Finland,Europe & Central Asia,High income,2022-01-02 21:52:18.126048,Apple Watch SE,309,309.0,EUR,0.8845999836921692,349.31042922959006,533.5745067843576
62,9,FI,Finland,Europe & Central Asia,High income,2022-01-02 21:52:18.126048,Apple Watch Series 3,229,229.0,EUR,0.8845999836921692,258.87407214749555,533.5745067843576
63,10,FI,Finland,Europe & Central Asia,High income,2022-01-02 21:52:18.126048,Sport Band,49,49.0,EUR,0.8845999836921692,55.392268712782894,533.5745067843576
64,11,FI,Finland,Europe & Central Asia,High income,2022-01-02 21:52:18.126048,iPad,399,399.0,EUR,0.8845999836921692,451.0513309469464,533.5745067843576
65,12,FI,Finland,Europe & Central Asia,High income,2022-01-02 21:52:18.126048,iPad Pro,909,909.0,EUR,0.8845999836921692,1027.583107345299,533.5745067843576
66,13,FI,Finland,Europe & Central Asia,High income,2022-01-02 21:52:18.126048,Apple Pencil (2nd generation),135,135.0,EUR,0.8845999836921692,152.6113525760345,533.5745067843576
67,14,FI,Finland,Europe & Central Asia,High income,2022-01-02 21:52:18.126048,24-inch iMac,1499,1499.0,EUR,0.8845999836921692,1694.551240825746,533.5745067843576
68,15,FI,Finland,Europe & Central Asia,High income,2022-01-02 21:52:18.126048,MacBook Air,1159,1159.0,EUR,0.8845999836921692,1310.1967232268444,533.5745067843576
69,16,FI,Finland,Europe & Central Asia,High income,2022-01-02 21:52:18.126048,Magic Mouse,85,85.0,EUR,0.8845999836921692,96.08862939972542,533.5745067843576
70,1,FR,France,Europe & Central Asia,High income,2022-01-02 21:52:19.284673,iPhone SE,489,489.0,EUR,0.8845999836921692,552.7922326643028,521.4624946751486
71,2,FR,France,Europe & Central Asia,High income,2022-01-02 21:52:19.284673,iPhone 12,689,689.0,EUR,0.8845999836921692,778.883125369539,521.4624946751486
72,4,FR,France,Europe & Central Asia,High income,2022-01-02 21:52:19.284673,AirPods Pro,279,279.0,EUR,0.8845999836921692,315.3967953238046,521.4624946751486
73,5,FR,France,Europe & Central Asia,High income,2022-01-02 21:52:19.284673,AirPods(2nd generation),149,149.0,EUR,0.8845999836921692,168.43771506540105,521.4624946751486
74,7,FR,France,Europe & Central Asia,High income,2022-01-02 21:52:19.284673,Apple TV 4K,199,199.0,EUR,0.8845999836921692,224.9604382417101,521.4624946751486
75,8,FR,France,Europe & Central Asia,High income,2022-01-02 21:52:19.284673,Apple Watch SE,299,299.0,EUR,0.8845999836921692,338.0058845943283,521.4624946751486
76,9,FR,France,Europe & Central Asia,High income,2022-01-02 21:52:19.284673,Apple Watch Series 3,219,219.0,EUR,0.8845999836921692,247.56952751223375,521.4624946751486
77,10,FR,France,Europe & Central Asia,High income,2022-01-02 21:52:19.284673,Sport Band,49,49.0,EUR,0.8845999836921692,55.392268712782894,521.4624946751486
78,11,FR,France,Europe & Central Asia,High income,2022-01-02 21:52:19.284673,iPad,389,389.0,EUR,0.8845999836921692,439.7467863116846,521.4624946751486
79,12,FR,France,Europe & Central Asia,High income,2022-01-02 21:52:19.284673,iPad Pro,899,899.0,EUR,0.8845999836921692,1016.2785627100371,521.4624946751486
80,13,FR,France,Europe & Central Asia,High income,2022-01-02 21:52:19.284673,Apple Pencil (2nd generation),135,135.0,EUR,0.8845999836921692,152.6113525760345,521.4624946751486
81,14,FR,France,Europe & Central Asia,High income,2022-01-02 21:52:19.284673,24-inch iMac,1449,1449.0,EUR,0.8845999836921692,1638.028517649437,521.4624946751486
82,15,FR,France,Europe & Central Asia,High income,2022-01-02 21:52:19.284673,MacBook Air,1129,1129.0,EUR,0.8845999836921692,1276.283089321059,521.4624946751486
83,16,FR,France,Europe & Central Asia,High income,2022-01-02 21:52:19.284673,Magic Mouse,85,85.0,EUR,0.8845999836921692,96.08862939972542,521.4624946751486
84,1,IE,Ireland,Europe & Central Asia,High income,2022-01-02 21:52:22.791120,iPhone SE,499,499.0,EUR,0.8845999836921692,564.0967772995646,529.5371694146213
85,2,IE,Ireland,Europe & Central Asia,High income,2022-01-02 21:52:22.791120,iPhone 12,709,709.0,EUR,0.8845999836921692,801.4922146400627,529.5371694146213
86,4,IE,Ireland,Europe & Central Asia,High income,2022-01-02 21:52:22.791120,AirPods Pro,279,279.0,EUR,0.8845999836921692,315.3967953238046,529.5371694146213
87,5,IE,Ireland,Europe & Central Asia,High income,2022-01-02 21:52:22.791120,AirPods(2nd generation),149,149.0,EUR,0.8845999836921692,168.43771506540105,529.5371694146213
88,7,IE,Ireland,Europe & Central Asia,High income,2022-01-02 21:52:22.791120,Apple TV 4K,199,199.0,EUR,0.8845999836921692,224.9604382417101,529.5371694146213
89,8,IE,Ireland,Europe & Central Asia,High income,2022-01-02 21:52:22.791120,Apple Watch SE,299,299.0,EUR,0.8845999836921692,338.0058845943283,529.5371694146213
90,9,IE,Ireland,Europe & Central Asia,High income,2022-01-02 21:52:22.791120,Apple Watch Series 3,219,219.0,EUR,0.8845999836921692,247.56952751223375,529.5371694146213
91,10,IE,Ireland,Europe & Central Asia,High income,2022-01-02 21:52:22.791120,Sport Band,49,49.0,EUR,0.8845999836921692,55.392268712782894,529.5371694146213
92,11,IE,Ireland,Europe & Central Asia,High income,2022-01-02 21:52:22.791120,iPad,399,399.0,EUR,0.8845999836921692,451.0513309469464,529.5371694146213
93,12,IE,Ireland,Europe & Central Asia,High income,2022-01-02 21:52:22.791120,iPad Pro,909,909.0,EUR,0.8845999836921692,1027.583107345299,529.5371694146213
94,13,IE,Ireland,Europe & Central Asia,High income,2022-01-02 21:52:22.791120,Apple Pencil (2nd generation),135,135.0,EUR,0.8845999836921692,152.6113525760345,529.5371694146213
95,14,IE,Ireland,Europe & Central Asia,High income,2022-01-02 21:52:22.791120,24-inch iMac,"1,499",1499.0,EUR,0.8845999836921692,1694.551240825746,529.5371694146213
96,15,IE,Ireland,Europe & Central Asia,High income,2022-01-02 21:52:22.791120,MacBook Air,"1,129",1129.0,EUR,0.8845999836921692,1276.283089321059,529.5371694146213
97,16,IE,Ireland,Europe & Central Asia,High income,2022-01-02 21:52:22.791120,Magic Mouse,85,85.0,EUR,0.8845999836921692,96.08862939972542,529.5371694146213
98,1,IT,Italy,Europe & Central Asia,High income,2022-01-02 21:52:24.622852,iPhone SE,499,499.0,EUR,0.8845999836921692,564.0967772995646,532.7670393104104
99,2,IT,Italy,Europe & Central Asia,High income,2022-01-02 21:52:24.622852,iPhone 12,719,719.0,EUR,0.8845999836921692,812.7967592753245,532.7670393104104
100,4,IT,Italy,Europe & Central Asia,High income,2022-01-02 21:52:24.622852,AirPods Pro,279,279.0,EUR,0.8845999836921692,315.3967953238046,532.7670393104104
101,5,IT,Italy,Europe & Central Asia,High income,2022-01-02 21:52:24.622852,AirPods(2nd generation),149,149.0,EUR,0.8845999836921692,168.43771506540105,532.7670393104104
102,7,IT,Italy,Europe & Central Asia,High income,2022-01-02 21:52:24.622852,Apple TV 4K,199,199.0,EUR,0.8845999836921692,224.9604382417101,532.7670393104104
103,9,IT,Italy,Europe & Central Asia,High income,2022-01-02 21:52:24.622852,Apple Watch SE,309,309.0,EUR,0.8845999836921692,349.31042922959006,532.7670393104104
104,10,IT,Italy,Europe & Central Asia,High income,2022-01-02 21:52:24.622852,Apple Watch Series 3,229,229.0,EUR,0.8845999836921692,258.87407214749555,532.7670393104104
105,11,IT,Italy,Europe & Central Asia,High income,2022-01-02 21:52:24.622852,Sport Band,49,49.0,EUR,0.8845999836921692,55.392268712782894,532.7670393104104
106,12,IT,Italy,Europe & Central Asia,High income,2022-01-02 21:52:24.622852,iPad,389,389.0,EUR,0.8845999836921692,439.7467863116846,532.7670393104104
107,13,IT,Italy,Europe & Central Asia,High income,2022-01-02 21:52:24.622852,iPad Pro,899,899.0,EUR,0.8845999836921692,1016.2785627100371,532.7670393104104
108,14,IT,Italy,Europe & Central Asia,High income,2022-01-02 21:52:24.622852,Apple Pencil (2nd generation),135,135.0,EUR,0.8845999836921692,152.6113525760345,532.7670393104104
109,15,IT,Italy,Europe & Central Asia,High income,2022-01-02 21:52:24.622852,24-inch iMac,1.499,1499.0,EUR,0.8845999836921692,1694.551240825746,532.7670393104104
110,16,IT,Italy,Europe & Central Asia,High income,2022-01-02 21:52:24.622852,MacBook Air,1.159,1159.0,EUR,0.8845999836921692,1310.1967232268444,532.7670393104104
111,17,IT,Italy,Europe & Central Asia,High income,2022-01-02 21:52:24.622852,Magic Mouse,85,85.0,EUR,0.8845999836921692,96.08862939972542,532.7670393104104
112,1,LU,Luxembourg,Europe & Central Asia,High income,2022-01-02 21:52:27.538167,iPhone SE,"472,83",472.83,EUR,0.8845999836921692,534.5127839890844,504.2254865087961
113,2,LU,Luxembourg,Europe & Central Asia,High income,2022-01-02 21:52:27.538167,iPhone 12,"666,22",666.22,EUR,0.8845999836921692,753.1313726904126,504.2254865087961
114,4,LU,Luxembourg,Europe & Central Asia,High income,2022-01-02 21:52:27.538167,AirPods Pro,"269,78",269.78,EUR,0.8845999836921692,304.9740051700932,504.2254865087961
115,5,LU,Luxembourg,Europe & Central Asia,High income,2022-01-02 21:52:27.538167,AirPods(2nd generation),"144,07",144.07,EUR,0.8845999836921692,162.86457456021697,504.2254865087961
116,7,LU,Luxembourg,Europe & Central Asia,High income,2022-01-02 21:52:27.538167,Apple TV 4K,"192,42",192.42,EUR,0.8845999836921692,217.52204787170783,504.2254865087961
117,8,LU,Luxembourg,Europe & Central Asia,High income,2022-01-02 21:52:27.538167,Apple Watch SE,"289,12",289.12,EUR,0.8845999836921692,326.8369944946896,504.2254865087961
118,9,LU,Luxembourg,Europe & Central Asia,High income,2022-01-02 21:52:27.538167,Apple Watch Series 3,"211,76",211.76,EUR,0.8845999836921692,239.38503719630418,504.2254865087961
119,10,LU,Luxembourg,Europe & Central Asia,High income,2022-01-02 21:52:27.538167,Sport Band,"47,39",47.39,EUR,0.8845999836921692,53.57223702650574,504.2254865087961
120,11,LU,Luxembourg,Europe & Central Asia,High income,2022-01-02 21:52:27.538167,iPad,"376,14",376.14,EUR,0.8845999836921692,425.20914191073786,504.2254865087961
121,12,LU,Luxembourg,Europe & Central Asia,High income,2022-01-02 21:52:27.538167,iPad Pro,"869,29",869.29,EUR,0.8845999836921692,982.6927605986742,504.2254865087961
122,13,LU,Luxembourg,Europe & Central Asia,High income,2022-01-02 21:52:27.538167,Apple Pencil (2nd generation),"130,54",130.54,EUR,0.8845999836921692,147.5695256687077,504.2254865087961
123,14,LU,Luxembourg,Europe & Central Asia,High income,2022-01-02 21:52:27.538167,24-inch iMac,"1401,10",1401.1,EUR,0.8845999836921692,1583.8797488465327,504.2254865087961
124,15,LU,Luxembourg,Europe & Central Asia,High income,2022-01-02 21:52:27.538167,MacBook Air,"1091,68",1091.68,EUR,0.8845999836921692,1234.094528742262,504.2254865087961
125,16,LU,Luxembourg,Europe & Central Asia,High income,2022-01-02 21:52:27.538167,Magic Mouse,"82,19",82.19,EUR,0.8845999836921692,92.91205235721685,504.2254865087961
126,1,NL,Netherlands,Europe & Central Asia,High income,2022-01-02 21:52:31.737975,iPhone SE,"492,10",492.1,EUR,0.8845999836921692,556.2966415012339,521.7208842668117
127,2,NL,Netherlands,Europe & Central Asia,High income,2022-01-02 21:52:31.737975,iPhone 12,689,689.0,EUR,0.8845999836921692,778.883125369539,521.7208842668117
128,4,NL,Netherlands,Europe & Central Asia,High income,2022-01-02 21:52:31.737975,AirPods Pro,279,279.0,EUR,0.8845999836921692,315.3967953238046,521.7208842668117
129,5,NL,Netherlands,Europe & Central Asia,High income,2022-01-02 21:52:31.737975,AirPods(2nd generation),149,149.0,EUR,0.8845999836921692,168.43771506540105,521.7208842668117
130,7,NL,Netherlands,Europe & Central Asia,High income,2022-01-02 21:52:31.737975,Apple TV 4K,199,199.0,EUR,0.8845999836921692,224.9604382417101,521.7208842668117
131,8,NL,Netherlands,Europe & Central Asia,High income,2022-01-02 21:52:31.737975,Apple Watch SE,299,299.0,EUR,0.8845999836921692,338.0058845943283,521.7208842668117
132,9,NL,Netherlands,Europe & Central Asia,High income,2022-01-02 21:52:31.737975,Apple Watch Series 3,219,219.0,EUR,0.8845999836921692,247.56952751223375,521.7208842668117
133,10,NL,Netherlands,Europe & Central Asia,High income,2022-01-02 21:52:31.737975,Sport Band,49,49.0,EUR,0.8845999836921692,55.392268712782894,521.7208842668117
134,11,NL,Netherlands,Europe & Central Asia,High income,2022-01-02 21:52:31.737975,iPad,389,389.0,EUR,0.8845999836921692,439.7467863116846,521.7208842668117
135,12,NL,Netherlands,Europe & Central Asia,High income,2022-01-02 21:52:31.737975,iPad Pro,899,899.0,EUR,0.8845999836921692,1016.2785627100371,521.7208842668117
136,13,NL,Netherlands,Europe & Central Asia,High income,2022-01-02 21:52:31.737975,Apple Pencil (2nd generation),135,135.0,EUR,0.8845999836921692,152.6113525760345,521.7208842668117
137,14,NL,Netherlands,Europe & Central Asia,High income,2022-01-02 21:52:31.737975,24-inch iMac,1.449,1449.0,EUR,0.8845999836921692,1638.028517649437,521.7208842668117
138,15,NL,Netherlands,Europe & Central Asia,High income,2022-01-02 21:52:31.737975,MacBook Air,"1.129,10",1129.1,EUR,0.8845999836921692,1276.3961347674115,521.7208842668117
139,16,NL,Netherlands,Europe & Central Asia,High income,2022-01-02 21:52:31.737975,Magic Mouse,85,85.0,EUR,0.8845999836921692,96.08862939972542,521.7208842668117
140,1,PT,Portugal,Europe & Central Asia,High income,2022-01-02 21:52:40.018627,iPhone SE,499,499.0,EUR,0.8845999836921692,564.0967772995646,533.5745067843576
141,2,PT,Portugal,Europe & Central Asia,High income,2022-01-02 21:52:40.018627,iPhone 12,709,709.0,EUR,0.8845999836921692,801.4922146400627,533.5745067843576
142,4,PT,Portugal,Europe & Central Asia,High income,2022-01-02 21:52:40.018627,AirPods Pro,279,279.0,EUR,0.8845999836921692,315.3967953238046,533.5745067843576
143,5,PT,Portugal,Europe & Central Asia,High income,2022-01-02 21:52:40.018627,AirPods(2nd generation),149,149.0,EUR,0.8845999836921692,168.43771506540105,533.5745067843576
144,7,PT,Portugal,Europe & Central Asia,High income,2022-01-02 21:52:40.018627,Apple TV 4K,199,199.0,EUR,0.8845999836921692,224.9604382417101,533.5745067843576
145,8,PT,Portugal,Europe & Central Asia,High income,2022-01-02 21:52:40.018627,Apple Watch SE,309,309.0,EUR,0.8845999836921692,349.31042922959006,533.5745067843576
146,9,PT,Portugal,Europe & Central Asia,High income,2022-01-02 21:52:40.018627,Apple Watch Series 3,229,229.0,EUR,0.8845999836921692,258.87407214749555,533.5745067843576
147,10,PT,Portugal,Europe & Central Asia,High income,2022-01-02 21:52:40.018627,Sport Band,49,49.0,EUR,0.8845999836921692,55.392268712782894,533.5745067843576
148,11,PT,Portugal,Europe & Central Asia,High income,2022-01-02 21:52:40.018627,iPad,399,399.0,EUR,0.8845999836921692,451.0513309469464,533.5745067843576
149,12,PT,Portugal,Europe & Central Asia,High income,2022-01-02 21:52:40.018627,iPad Pro,909,909.0,EUR,0.8845999836921692,1027.583107345299,533.5745067843576
150,13,PT,Portugal,Europe & Central Asia,High income,2022-01-02 21:52:40.018627,Apple Pencil (2nd generation),135,135.0,EUR,0.8845999836921692,152.6113525760345,533.5745067843576
151,14,PT,Portugal,Europe & Central Asia,High income,2022-01-02 21:52:40.018627,24-inch iMac,1499,1499.0,EUR,0.8845999836921692,1694.551240825746,533.5745067843576
152,15,PT,Portugal,Europe & Central Asia,High income,2022-01-02 21:52:40.018627,MacBook Air,1159,1159.0,EUR,0.8845999836921692,1310.1967232268444,533.5745067843576
153,16,PT,Portugal,Europe & Central Asia,High income,2022-01-02 21:52:40.018627,Magic Mouse,85,85.0,EUR,0.8845999836921692,96.08862939972542,533.5745067843576
154,1,BR,Brazil,Latin America & Caribbean,Upper middle income,2022-01-02 21:52:09.264138,iPhone SE,3.699,3699.0,BRL,5.660699844360352,653.4527711596021,899.5101812243347
155,2,BR,Brazil,Latin America & Caribbean,Upper middle income,2022-01-02 21:52:09.264138,iPhone 12,5.699,5699.0,BRL,5.660699844360352,1006.7659753551155,899.5101812243347
156,3,BR,Brazil,Latin America & Caribbean,Upper middle income,2022-01-02 21:52:09.264138,AirPods Pro,2.999,2999.0,BRL,5.660699844360352,529.7931496911724,899.5101812243347
157,4,BR,Brazil,Latin America & Caribbean,Upper middle income,2022-01-02 21:52:09.264138,AirPods(2nd generation),1.649,1649.0,BRL,5.660699844360352,291.30673685920084,899.5101812243347
158,6,BR,Brazil,Latin America & Caribbean,Upper middle income,2022-01-02 21:52:09.264138,Apple TV 4K,2.399,2399.0,BRL,5.660699844360352,423.79918843251835,899.5101812243347
159,7,BR,Brazil,Latin America & Caribbean,Upper middle income,2022-01-02 21:52:09.264138,Apple Watch SE,3.799,3799.0,BRL,5.660699844360352,671.1184313693777,899.5101812243347
160,8,BR,Brazil,Latin America & Caribbean,Upper middle income,2022-01-02 21:52:09.264138,Apple Watch Series 3,2.599,2599.0,BRL,5.660699844360352,459.1305088520697,899.5101812243347
161,9,BR,Brazil,Latin America & Caribbean,Upper middle income,2022-01-02 21:52:09.264138,Sport Band,549,549.0,BRL,5.660699844360352,96.98447455166844,899.5101812243347
162,10,BR,Brazil,Latin America & Caribbean,Upper middle income,2022-01-02 21:52:09.264138,iPad,3.999,3999.0,BRL,5.660699844360352,706.4497517889291,899.5101812243347
163,11,BR,Brazil,Latin America & Caribbean,Upper middle income,2022-01-02 21:52:09.264138,iPad Pro,10.799,10799.0,BRL,5.660699844360352,1907.7146460536749,899.5101812243347
164,12,BR,Brazil,Latin America & Caribbean,Upper middle income,2022-01-02 21:52:09.264138,Apple Pencil (2nd generation),1.599,1599.0,BRL,5.660699844360352,282.47390675431296,899.5101812243347
165,13,BR,Brazil,Latin America & Caribbean,Upper middle income,2022-01-02 21:52:09.264138,24-inch iMac,17.599,17599.0,BRL,5.660699844360352,3108.9795403184203,899.5101812243347
166,14,BR,Brazil,Latin America & Caribbean,Upper middle income,2022-01-02 21:52:09.264138,MacBook Air,12.999,12999.0,BRL,5.660699844360352,2296.3591706687394,899.5101812243347
167,15,BR,Brazil,Latin America & Caribbean,Upper middle income,2022-01-02 21:52:09.264138,Magic Mouse,899,899.0,BRL,5.660699844360352,158.8142852858833,899.5101812243347
168,1,CA,Canada,North America,High income,2022-01-02 21:52:10.367290,iPhone SE,569,569.0,CAD,1.274399995803833,446.4846216835562,412.8553506554199
169,2,CA,Canada,North America,High income,2022-01-02 21:52:10.367290,iPhone 12,799,799.0,CAD,1.274399995803833,626.9617095345543,412.8553506554199
170,4,CA,Canada,North America,High income,2022-01-02 21:52:10.367290,AirPods Pro,329,329.0,CAD,1.274399995803833,258.16070392599295,412.8553506554199
171,5,CA,Canada,North America,High income,2022-01-02 21:52:10.367290,AirPods(2nd generation),179,179.0,CAD,1.274399995803833,140.45825532751593,412.8553506554199
172,7,CA,Canada,North America,High income,2022-01-02 21:52:10.367290,Apple TV 4K,229,229.0,CAD,1.274399995803833,179.6924048603416,412.8553506554199
173,8,CA,Canada,North America,High income,2022-01-02 21:52:10.367290,Apple Watch SE,369,369.0,CAD,1.274399995803833,289.5480235522535,412.8553506554199
174,9,CA,Canada,North America,High income,2022-01-02 21:52:10.367290,Apple Watch Series 3,249,249.0,CAD,1.274399995803833,195.38606467347188,412.8553506554199
175,10,CA,Canada,North America,High income,2022-01-02 21:52:10.367290,Sport Band,59,59.0,CAD,1.274399995803833,46.296296448734296,412.8553506554199
176,11,CA,Canada,North America,High income,2022-01-02 21:52:10.367290,iPad,429,429.0,CAD,1.274399995803833,336.6290029916443,412.8553506554199
177,12,CA,Canada,North America,High income,2022-01-02 21:52:10.367290,iPad Pro,999,999.0,CAD,1.274399995803833,783.898307665857,412.8553506554199
178,13,CA,Canada,North America,High income,2022-01-02 21:52:10.367290,Apple Pencil (2nd generation),169,169.0,CAD,1.274399995803833,132.61142542095078,412.8553506554199
179,14,CA,Canada,North America,High income,2022-01-02 21:52:10.367290,24-inch iMac,1599,1599.0,CAD,1.274399995803833,1254.7081020597652,412.8553506554199
180,15,CA,Canada,North America,High income,2022-01-02 21:52:10.367290,MacBook Air,1299,1299.0,CAD,1.274399995803833,1019.3032048628111,412.8553506554199
181,16,CA,Canada,North America,High income,2022-01-02 21:52:10.367290,Magic Mouse,89,89.0,CAD,1.274399995803833,69.83678616842971,412.8553506554199
182,1,CZ,Czech Republic,Europe & Central Asia,High income,2022-01-02 21:52:12.701576,iPhone SE,11690,11690.0,CZK,21.944000244140625,532.7196440913914,541.1827448773967
183,2,CZ,Czech Republic,Europe & Central Asia,High income,2022-01-02 21:52:12.701576,iPhone 12,16990,16990.0,CZK,21.944000244140625,774.2435203689256,541.1827448773967
184,4,CZ,Czech Republic,Europe & Central Asia,High income,2022-01-02 21:52:12.701576,AirPods Pro,7290,7290.0,CZK,21.944000244140625,332.20925623834415,541.1827448773967
185,5,CZ,Czech Republic,Europe & Central Asia,High income,2022-01-02 21:52:12.701576,AirPods(2nd generation),3790,3790.0,CZK,21.944000244140625,172.71235680978387,541.1827448773967
186,7,CZ,Czech Republic,Europe & Central Asia,High income,2022-01-02 21:52:12.701576,Apple TV 4K,4990,4990.0,CZK,21.944000244140625,227.39700804243313,541.1827448773967
187,8,CZ,Czech Republic,Europe & Central Asia,High income,2022-01-02 21:52:12.701576,Apple Watch SE,7990,7990.0,CZK,21.944000244140625,364.10863612405626,541.1827448773967
188,9,CZ,Czech Republic,Europe & Central Asia,High income,2022-01-02 21:52:12.701576,Apple Watch Series 3,5490,5490.0,CZK,21.944000244140625,250.1822793893703,541.1827448773967
189,10,CZ,Czech Republic,Europe & Central Asia,High income,2022-01-02 21:52:12.701576,Sport Band,1290,1290.0,CZK,21.944000244140625,58.78600007509794,541.1827448773967
190,11,CZ,Czech Republic,Europe & Central Asia,High income,2022-01-02 21:52:12.701576,iPad,9990,9990.0,CZK,21.944000244140625,455.249721511805,541.1827448773967
191,12,CZ,Czech Republic,Europe & Central Asia,High income,2022-01-02 21:52:12.701576,iPad Pro,22990,22990.0,CZK,21.944000244140625,1047.6667765321718,541.1827448773967
192,13,CZ,Czech Republic,Europe & Central Asia,High income,2022-01-02 21:52:12.701576,Apple Pencil (2nd generation),3490,3490.0,CZK,21.944000244140625,159.04119400162156,541.1827448773967
193,14,CZ,Czech Republic,Europe & Central Asia,High income,2022-01-02 21:52:12.701576,24-inch iMac,37990,37990.0,CZK,21.944000244140625,1731.2249169402874,541.1827448773967
194,15,CZ,Czech Republic,Europe & Central Asia,High income,2022-01-02 21:52:12.701576,MacBook Air,29990,29990.0,CZK,21.944000244140625,1366.6605753892925,541.1827448773967
195,16,CZ,Czech Republic,Europe & Central Asia,High income,2022-01-02 21:52:12.701576,Magic Mouse,2290,2290.0,CZK,21.944000244140625,104.35654276897232,541.1827448773967
196,1,DK,Denmark,Europe & Central Asia,High income,2022-01-02 21:52:15.114080,iPhone SE,3.655.,3655.0,DKK,6.583499908447266,555.1758260542059,541.4184887972833
197,2,DK,Denmark,Europe & Central Asia,High income,2022-01-02 21:52:15.114080,iPhone 12,5.355.,5355.0,DKK,6.583499908447266,813.3971404980227,541.4184887972833
198,4,DK,Denmark,Europe & Central Asia,High income,2022-01-02 21:52:15.114080,AirPods Pro,2.199.,2199.0,DKK,6.583499908447266,334.0168649776194,541.4184887972833
199,5,DK,Denmark,Europe & Central Asia,High income,2022-01-02 21:52:15.114080,AirPods(2nd generation),1.129.,1129.0,DKK,6.583499908447266,171.48933176886416,541.4184887972833
200,7,DK,Denmark,Europe & Central Asia,High income,2022-01-02 21:52:15.114080,Apple TV 4K,1.499.,1499.0,DKK,6.583499908447266,227.69044138310662,541.4184887972833
201,8,DK,Denmark,Europe & Central Asia,High income,2022-01-02 21:52:15.114080,Apple Watch SE,2.299.,2299.0,DKK,6.583499908447266,349.2063540625498,541.4184887972833
202,9,DK,Denmark,Europe & Central Asia,High income,2022-01-02 21:52:15.114080,Apple Watch Series 3,1.699.,1699.0,DKK,6.583499908447266,258.0694195529674,541.4184887972833
203,10,DK,Denmark,Europe & Central Asia,High income,2022-01-02 21:52:15.114080,Sport Band,369.,369.0,DKK,6.583499908447266,56.04921472339316,541.4184887972833
204,11,DK,Denmark,Europe & Central Asia,High income,2022-01-02 21:52:15.114080,iPad,2.855.,2855.0,DKK,6.583499908447266,433.6599133747628,541.4184887972833
205,12,DK,Denmark,Europe & Central Asia,High income,2022-01-02 21:52:15.114080,iPad Pro,6.755.,6755.0,DKK,6.583499908447266,1026.0499876870483,541.4184887972833
206,13,DK,Denmark,Europe & Central Asia,High income,2022-01-02 21:52:15.114080,Apple Pencil (2nd generation),1.099.,1099.0,DKK,6.583499908447266,166.93248504338504,541.4184887972833
207,14,DK,Denmark,Europe & Central Asia,High income,2022-01-02 21:52:15.114080,24-inch iMac,11.555.,11555.0,DKK,6.583499908447266,1755.1454637637073,541.4184887972833
208,15,DK,Denmark,Europe & Central Asia,High income,2022-01-02 21:52:15.114080,MacBook Air,8.755.,8755.0,DKK,6.583499908447266,1329.8397693856562,541.4184887972833
209,16,DK,Denmark,Europe & Central Asia,High income,2022-01-02 21:52:15.114080,Magic Mouse,679.,679.0,DKK,6.583499908447266,103.13663088667738,541.4184887972833
210,1,HU,Hungary,Europe & Central Asia,High income,2022-01-02 21:52:20.418188,iPhone SE,174990,174990.0,HUF,323.5899963378906,540.7769151716191,523.3386222493468
211,2,HU,Hungary,Europe & Central Asia,High income,2022-01-02 21:52:20.418188,iPhone 12,249990,249990.0,HUF,323.5899963378906,772.5516945182756,523.3386222493468
212,4,HU,Hungary,Europe & Central Asia,High income,2022-01-02 21:52:20.418188,AirPods Pro,99990,99990.0,HUF,323.5899963378906,309.0021358249625,523.3386222493468
213,5,HU,Hungary,Europe & Central Asia,High income,2022-01-02 21:52:20.418188,AirPods(2nd generation),52990,52990.0,HUF,323.5899963378906,163.75660743439107,523.3386222493468
214,7,HU,Hungary,Europe & Central Asia,High income,2022-01-02 21:52:20.418188,Apple TV 4K,71990,71990.0,HUF,323.5899963378906,222.4728848688774,523.3386222493468
215,8,HU,Hungary,Europe & Central Asia,High income,2022-01-02 21:52:20.418188,Apple Watch SE,109990,109990.0,HUF,323.5899963378906,339.90543973785003,523.3386222493468
216,9,HU,Hungary,Europe & Central Asia,High income,2022-01-02 21:52:20.418188,Apple Watch Series 3,77990,77990.0,HUF,323.5899963378906,241.01486721660993,523.3386222493468
217,10,HU,Hungary,Europe & Central Asia,High income,2022-01-02 21:52:20.418188,Sport Band,17990,17990.0,HUF,323.5899963378906,55.595043739284684,523.3386222493468
218,11,HU,Hungary,Europe & Central Asia,High income,2022-01-02 21:52:20.418188,iPad,134990,134990.0,HUF,323.5899963378906,417.1636995200689,523.3386222493468
219,12,HU,Hungary,Europe & Central Asia,High income,2022-01-02 21:52:20.418188,iPad Pro,324990,324990.0,HUF,323.5899963378906,1004.3264738649322,523.3386222493468
220,13,HU,Hungary,Europe & Central Asia,High income,2022-01-02 21:52:20.418188,Apple Pencil (2nd generation),49990,49990.0,HUF,323.5899963378906,154.4856162605248,523.3386222493468
221,14,HU,Hungary,Europe & Central Asia,High income,2022-01-02 21:52:20.418188,24-inch iMac,539990,539990.0,HUF,323.5899963378906,1668.7475079920143,523.3386222493468
222,15,HU,Hungary,Europe & Central Asia,High income,2022-01-02 21:52:20.418188,MacBook Air,429990,429990.0,HUF,323.5899963378906,1328.8111649502514,523.3386222493468
223,16,HU,Hungary,Europe & Central Asia,High income,2022-01-02 21:52:20.418188,Magic Mouse,34990,34990.0,HUF,323.5899963378906,108.1306603911935,523.3386222493468
224,1,IN,India,South Asia,Lower middle income,2022-01-02 21:52:21.513688,iPhone SE,39900.00,39900.0,INR,74.50800323486328,535.5129418007308,522.6667666841361
225,2,IN,India,South Asia,Lower middle income,2022-01-02 21:52:21.513688,iPhone 12,59900.00,59900.0,INR,74.50800323486328,803.9404815504705,522.6667666841361
226,4,IN,India,South Asia,Lower middle income,2022-01-02 21:52:21.513688,AirPods Pro,24900.00,24900.0,INR,74.50800323486328,334.19228698842596,522.6667666841361
227,5,IN,India,South Asia,Lower middle income,2022-01-02 21:52:21.513688,AirPods(2nd generation),12900.00,12900.0,INR,74.50800323486328,173.13576313858212,522.6667666841361
228,7,IN,India,South Asia,Lower middle income,2022-01-02 21:52:21.513688,Apple TV 4K,18900.00,18900.0,INR,74.50800323486328,253.66402506350406,522.6667666841361
229,9,IN,India,South Asia,Lower middle income,2022-01-02 21:52:21.513688,Apple Watch SE,29900.00,29900.0,INR,74.50800323486328,401.2991719258609,522.6667666841361
230,10,IN,India,South Asia,Lower middle income,2022-01-02 21:52:21.513688,Apple Watch Series 3,20900.00,20900.0,INR,74.50800323486328,280.50677903847804,522.6667666841361
231,11,IN,India,South Asia,Lower middle income,2022-01-02 21:52:21.513688,Sport Band,3900.00,3900.0,INR,74.50800323486328,52.34337025119925,522.6667666841361
232,12,IN,India,South Asia,Lower middle income,2022-01-02 21:52:21.513688,iPad,30900.00,30900.0,INR,74.50800323486328,414.7205489133479,522.6667666841361
233,13,IN,India,South Asia,Lower middle income,2022-01-02 21:52:21.513688,iPad Pro,71900.00,71900.0,INR,74.50800323486328,964.9970054003144,522.6667666841361
234,14,IN,India,South Asia,Lower middle income,2022-01-02 21:52:21.513688,Apple Pencil (2nd generation),10900.00,10900.0,INR,74.50800323486328,146.29300916360816,522.6667666841361
235,15,IN,India,South Asia,Lower middle income,2022-01-02 21:52:21.513688,24-inch iMac,119900.00,119900.0,INR,74.50800323486328,1609.2231007996897,522.6667666841361
236,16,IN,India,South Asia,Lower middle income,2022-01-02 21:52:21.513688,MacBook Air,92900.00,92900.0,INR,74.50800323486328,1246.845922137541,522.6667666841361
237,17,IN,India,South Asia,Lower middle income,2022-01-02 21:52:21.513688,Magic Mouse,7500.00,7500.0,INR,74.50800323486328,100.6603274061524,522.6667666841361
238,1,MX,Mexico,Latin America & Caribbean,Upper middle income,2022-01-02 21:52:29.026754,iPhone SE,"10,999",10999.0,MXN,20.54700088500977,535.3092678369625,515.4940714770942
239,2,MX,Mexico,Latin America & Caribbean,Upper middle income,2022-01-02 21:52:29.026754,iPhone 12,"14,999",14999.0,MXN,20.54700088500977,729.9848811970725,515.4940714770942
240,4,MX,Mexico,Latin America & Caribbean,Upper middle income,2022-01-02 21:52:29.026754,AirPods Pro,"5,999",5999.0,MXN,20.54700088500977,291.964751136825,515.4940714770942
241,5,MX,Mexico,Latin America & Caribbean,Upper middle income,2022-01-02 21:52:29.026754,AirPods(2nd generation),"3,299",3299.0,MXN,20.54700088500977,160.55871211875072,515.4940714770942
242,7,MX,Mexico,Latin America & Caribbean,Upper middle income,2022-01-02 21:52:29.026754,Apple TV 4K,"4,499",4499.0,MXN,20.54700088500977,218.96139612678374,515.4940714770942
243,9,MX,Mexico,Latin America & Caribbean,Upper middle income,2022-01-02 21:52:29.026754,Apple Watch SE,"7,499",7499.0,MXN,20.54700088500977,364.96810614686626,515.4940714770942
244,10,MX,Mexico,Latin America & Caribbean,Upper middle income,2022-01-02 21:52:29.026754,Apple Watch Series 3,"4,999",4999.0,MXN,20.54700088500977,243.2958477967975,515.4940714770942
245,11,MX,Mexico,Latin America & Caribbean,Upper middle income,2022-01-02 21:52:29.026754,Sport Band,"1,199",1199.0,MXN,20.54700088500977,58.35401510469298,515.4940714770942
246,12,MX,Mexico,Latin America & Caribbean,Upper middle income,2022-01-02 21:52:29.026754,iPad,"8,999",8999.0,MXN,20.54700088500977,437.9714611569075,515.4940714770942
247,13,MX,Mexico,Latin America & Caribbean,Upper middle income,2022-01-02 21:52:29.026754,iPad Pro,"20,999",20999.0,MXN,20.54700088500977,1021.9983012372376,515.4940714770942
248,14,MX,Mexico,Latin America & Caribbean,Upper middle income,2022-01-02 21:52:29.026754,Apple Pencil (2nd generation),"3,299",3299.0,MXN,20.54700088500977,160.55871211875072,515.4940714770942
249,15,MX,Mexico,Latin America & Caribbean,Upper middle income,2022-01-02 21:52:29.026754,24-inch iMac,"33,499",33499.0,MXN,20.54700088500977,1630.3595929875812,515.4940714770942
250,16,MX,Mexico,Latin America & Caribbean,Upper middle income,2022-01-02 21:52:29.026754,MacBook Air,"25,999",25999.0,MXN,20.54700088500977,1265.342817937375,515.4940714770942
251,17,MX,Mexico,Latin America & Caribbean,Upper middle income,2022-01-02 21:52:29.026754,Magic Mouse,"1,999",1999.0,MXN,20.54700088500977,97.28913777671498,515.4940714770942
252,1,NO,Norway,Europe & Central Asia,High income,2022-01-02 21:52:33.104383,iPhone SE,4990,4990.0,NOK,8.86832046508789,562.6770051493111,541.2282667480426
253,2,NO,Norway,Europe & Central Asia,High income,2022-01-02 21:52:33.104383,iPhone 12,6990,6990.0,NOK,8.86832046508789,788.198850900538,541.2282667480426
254,4,NO,Norway,Europe & Central Asia,High income,2022-01-02 21:52:33.104383,AirPods Pro,2990,2990.0,NOK,8.86832046508789,337.1551593980842,541.2282667480426
255,5,NO,Norway,Europe & Central Asia,High income,2022-01-02 21:52:33.104383,AirPods(2nd generation),1450,1450.0,NOK,8.86832046508789,163.5033381696395,541.2282667480426
256,7,NO,Norway,Europe & Central Asia,High income,2022-01-02 21:52:33.104383,Apple TV 4K,1990,1990.0,NOK,8.86832046508789,224.39423652247075,541.2282667480426
257,8,NO,Norway,Europe & Central Asia,High income,2022-01-02 21:52:33.104383,Apple Watch SE,3290,3290.0,NOK,8.86832046508789,370.98343626076826,541.2282667480426
258,9,NO,Norway,Europe & Central Asia,High income,2022-01-02 21:52:33.104383,Apple Watch Series 3,2290,2290.0,NOK,8.86832046508789,258.2225133851548,541.2282667480426
259,10,NO,Norway,Europe & Central Asia,High income,2022-01-02 21:52:33.104383,Sport Band,499,499.0,NOK,8.86832046508789,56.26770051493111,541.2282667480426
260,11,NO,Norway,Europe & Central Asia,High income,2022-01-02 21:52:33.104383,iPad,3990,3990.0,NOK,8.86832046508789,449.91608227369767,541.2282667480426
261,12,NO,Norway,Europe & Central Asia,High income,2022-01-02 21:52:33.104383,iPad Pro,8990,8990.0,NOK,8.86832046508789,1013.7206966517649,541.2282667480426
262,13,NO,Norway,Europe & Central Asia,High income,2022-01-02 21:52:33.104383,Apple Pencil (2nd generation),1499,1499.0,NOK,8.86832046508789,169.02862339054457,541.2282667480426
263,14,NO,Norway,Europe & Central Asia,High income,2022-01-02 21:52:33.104383,24-inch iMac,15290,15290.0,NOK,8.86832046508789,1724.1145107681295,541.2282667480426
264,15,NO,Norway,Europe & Central Asia,High income,2022-01-02 21:52:33.104383,MacBook Air,11990,11990.0,NOK,8.86832046508789,1352.0034652786053,541.2282667480426
265,16,NO,Norway,Europe & Central Asia,High income,2022-01-02 21:52:33.104383,Magic Mouse,949,949.0,NOK,8.86832046508789,107.01011580895717,541.2282667480426
266,1,PH,Philippines,East Asia & Pacific,Lower middle income,2022-01-02 21:52:35.094330,iPhone SE,"26,490",26490.0,PHP,51.290000915527344,516.4749371642245,468.42881374254046
267,2,PH,Philippines,East Asia & Pacific,Lower middle income,2022-01-02 21:52:35.094330,iPhone 12,"38,990",38990.0,PHP,51.290000915527344,760.1871574191435,468.42881374254046
268,4,PH,Philippines,East Asia & Pacific,Lower middle income,2022-01-02 21:52:35.094330,AirPods Pro,"14,990",14990.0,PHP,51.290000915527344,292.25969452969895,468.42881374254046
269,5,PH,Philippines,East Asia & Pacific,Lower middle income,2022-01-02 21:52:35.094330,AirPods(2nd generation),"7,690",7690.0,PHP,51.290000915527344,149.9317579008262,468.42881374254046
270,7,PH,Philippines,East Asia & Pacific,Lower middle income,2022-01-02 21:52:35.094330,Apple TV 4K,"10,990",10990.0,PHP,51.290000915527344,214.27178404812483,468.42881374254046
271,8,PH,Philippines,East Asia & Pacific,Lower middle income,2022-01-02 21:52:35.094330,Apple Watch SE,"15,990",15990.0,PHP,51.290000915527344,311.75667215009247,468.42881374254046
272,9,PH,Philippines,East Asia & Pacific,Lower middle income,2022-01-02 21:52:35.094330,Apple Watch Series 3,"11,490",11490.0,PHP,51.290000915527344,224.0202728583216,468.42881374254046
273,10,PH,Philippines,East Asia & Pacific,Lower middle income,2022-01-02 21:52:35.094330,Sport Band,"2,790",2790.0,PHP,51.290000915527344,54.396567560897935,468.42881374254046
274,11,PH,Philippines,East Asia & Pacific,Lower middle income,2022-01-02 21:52:35.094330,iPad,"19,990",19990.0,PHP,51.290000915527344,389.74458263166656,468.42881374254046
275,12,PH,Philippines,East Asia & Pacific,Lower middle income,2022-01-02 21:52:35.094330,iPad Pro,"45,990",45990.0,PHP,51.290000915527344,896.6660007618982,468.42881374254046
276,13,PH,Philippines,East Asia & Pacific,Lower middle income,2022-01-02 21:52:35.094330,Apple Pencil (2nd generation),"7,990",7990.0,PHP,51.290000915527344,155.78085118694426,468.42881374254046
277,14,PH,Philippines,East Asia & Pacific,Lower middle income,2022-01-02 21:52:35.094330,24-inch iMac,"73,990",73990.0,PHP,51.290000915527344,1442.5813741329168,468.42881374254046
278,15,PH,Philippines,East Asia & Pacific,Lower middle income,2022-01-02 21:52:35.094330,MacBook Air,"54,990",54990.0,PHP,51.290000915527344,1072.13879934544,468.42881374254046
279,16,PH,Philippines,East Asia & Pacific,Lower middle income,2022-01-02 21:52:35.094330,Magic Mouse,"3,990",3990.0,PHP,51.290000915527344,77.79294070537016,468.42881374254046
280,1,PL,Poland,Europe & Central Asia,High income,2022-01-02 21:52:38.882845,iPhone SE,2199,2199.0,PLN,4.051000118255615,542.8289152820125,516.7330666944279
281,2,PL,Poland,Europe & Central Asia,High income,2022-01-02 21:52:38.882845,iPhone 12,3149,3149.0,PLN,4.051000118255615,777.3389059677387,516.7330666944279
282,4,PL,Poland,Europe & Central Asia,High income,2022-01-02 21:52:38.882845,AirPods Pro,1249,1249.0,PLN,4.051000118255615,308.3189245962863,516.7330666944279
283,5,PL,Poland,Europe & Central Asia,High income,2022-01-02 21:52:38.882845,AirPods(2nd generation),649,649.0,PLN,4.051000118255615,160.20735153161715,516.7330666944279
284,7,PL,Poland,Europe & Central Asia,High income,2022-01-02 21:52:38.882845,Apple TV 4K,899,899.0,PLN,4.051000118255615,221.9205069752293,516.7330666944279
285,8,PL,Poland,Europe & Central Asia,High income,2022-01-02 21:52:38.882845,Apple Watch SE,1349,1349.0,PLN,4.051000118255615,333.0041867737312,516.7330666944279
286,9,PL,Poland,Europe & Central Asia,High income,2022-01-02 21:52:38.882845,Apple Watch Series 3,999,999.0,PLN,4.051000118255615,246.60576915267416,516.7330666944279
287,10,PL,Poland,Europe & Central Asia,High income,2022-01-02 21:52:38.882845,Sport Band,199,199.0,PLN,4.051000118255615,49.12367173311527,516.7330666944279
288,11,PL,Poland,Europe & Central Asia,High income,2022-01-02 21:52:38.882845,iPad,1699,1699.0,PLN,4.051000118255615,419.40260439478817,516.7330666944279
289,12,PL,Poland,Europe & Central Asia,High income,2022-01-02 21:52:38.882845,iPad Pro,3899,3899.0,PLN,4.051000118255615,962.4783722985751,516.7330666944279
290,13,PL,Poland,Europe & Central Asia,High income,2022-01-02 21:52:38.882845,Apple Pencil (2nd generation),619,619.0,PLN,4.051000118255615,152.8017728783837,516.7330666944279
291,14,PL,Poland,Europe & Central Asia,High income,2022-01-02 21:52:38.882845,24-inch iMac,6799,6799.0,PLN,4.051000118255615,1678.350975444476,516.7330666944279
292,15,PL,Poland,Europe & Central Asia,High income,2022-01-02 21:52:38.882845,MacBook Air,5199,5199.0,PLN,4.051000118255615,1283.3867806053584,516.7330666944279
293,16,PL,Poland,Europe & Central Asia,High income,2022-01-02 21:52:38.882845,Magic Mouse,399,399.0,PLN,4.051000118255615,98.494196088005,516.7330666944279
294,1,RU,Russia,Europe & Central Asia,Upper middle income,2022-01-02 21:52:41.098636,iPhone SE,39990.,39990.0,RUB,74.90879821777344,533.8491732805782,528.9098335928109
295,2,RU,Russia,Europe & Central Asia,Upper middle income,2022-01-02 21:52:41.098636,iPhone 12,54990.,54990.0,RUB,74.90879821777344,734.0926741360089,528.9098335928109
296,4,RU,Russia,Europe & Central Asia,Upper middle income,2022-01-02 21:52:41.098636,AirPods Pro,24990.,24990.0,RUB,74.90879821777344,333.60567242514753,528.9098335928109
297,5,RU,Russia,Europe & Central Asia,Upper middle income,2022-01-02 21:52:41.098636,AirPods(2nd generation),12490.,12490.0,RUB,74.90879821777344,166.7360883789553,528.9098335928109
298,7,RU,Russia,Europe & Central Asia,Upper middle income,2022-01-02 21:52:41.098636,Apple TV 4K,16990.,16990.0,RUB,74.90879821777344,226.8091386355845,528.9098335928109
299,9,RU,Russia,Europe & Central Asia,Upper middle income,2022-01-02 21:52:41.098636,Apple Watch SE,24990.,24990.0,RUB,74.90879821777344,333.60567242514753,528.9098335928109
300,10,RU,Russia,Europe & Central Asia,Upper middle income,2022-01-02 21:52:41.098636,Apple Watch Series 3,17990.,17990.0,RUB,74.90879821777344,240.15870535927988,528.9098335928109
301,11,RU,Russia,Europe & Central Asia,Upper middle income,2022-01-02 21:52:41.098636,Sport Band,3900.,3900.0,RUB,74.90879821777344,52.06331022241198,528.9098335928109
302,12,RU,Russia,Europe & Central Asia,Upper middle income,2022-01-02 21:52:41.098636,iPad,30990.,30990.0,RUB,74.90879821777344,413.7030727673198,528.9098335928109
303,13,RU,Russia,Europe & Central Asia,Upper middle income,2022-01-02 21:52:41.098636,iPad Pro,77990.,77990.0,RUB,74.90879821777344,1041.1327087810025,528.9098335928109
304,14,RU,Russia,Europe & Central Asia,Upper middle income,2022-01-02 21:52:41.098636,Apple Pencil (2nd generation),11490.,11490.0,RUB,74.90879821777344,153.3865216552599,528.9098335928109
305,15,RU,Russia,Europe & Central Asia,Upper middle income,2022-01-02 21:52:41.098636,24-inch iMac,129990.,129990.0,RUB,74.90879821777344,1735.3101784131622,528.9098335928109
306,16,RU,Russia,Europe & Central Asia,Upper middle income,2022-01-02 21:52:41.098636,MacBook Air,99990.,99990.0,RUB,74.90879821777344,1334.823176702301,528.9098335928109
307,17,RU,Russia,Europe & Central Asia,Upper middle income,2022-01-02 21:52:41.098636,Magic Mouse,7900.,7900.0,RUB,74.90879821777344,105.4615771171935,528.9098335928109
308,1,SE,Sweden,Europe & Central Asia,High income,2022-01-02 21:52:42.128726,iPhone SE,5075,5075.0,SEK,9.08942985534668,558.3408509406925,547.0247239124785
309,2,SE,Sweden,Europe & Central Asia,High income,2022-01-02 21:52:42.128726,iPhone 12,7395,7395.0,SEK,9.08942985534668,813.5823827992947,547.0247239124785
310,4,SE,Sweden,Europe & Central Asia,High income,2022-01-02 21:52:42.128726,AirPods Pro,3195,3195.0,SEK,9.08942985534668,351.50719581389404,547.0247239124785
311,5,SE,Sweden,Europe & Central Asia,High income,2022-01-02 21:52:42.128726,AirPods(2nd generation),1595,1595.0,SEK,9.08942985534668,175.47855315278906,547.0247239124785
312,7,SE,Sweden,Europe & Central Asia,High income,2022-01-02 21:52:42.128726,Apple TV 4K,1995,1995.0,SEK,9.08942985534668,219.4857138180653,547.0247239124785
313,8,SE,Sweden,Europe & Central Asia,High income,2022-01-02 21:52:42.128726,Apple Watch SE,3195,3195.0,SEK,9.08942985534668,351.50719581389404,547.0247239124785
314,9,SE,Sweden,Europe & Central Asia,High income,2022-01-02 21:52:42.128726,Apple Watch Series 3,2295,2295.0,SEK,9.08942985534668,252.49108431702248,547.0247239124785
315,10,SE,Sweden,Europe & Central Asia,High income,2022-01-02 21:52:42.128726,Sport Band,495,495.0,SEK,9.08942985534668,54.45886132327936,547.0247239124785
316,11,SE,Sweden,Europe & Central Asia,High income,2022-01-02 21:52:42.128726,iPad,3995,3995.0,SEK,9.08942985534668,439.52151714444653,547.0247239124785
317,12,SE,Sweden,Europe & Central Asia,High income,2022-01-02 21:52:42.128726,iPad Pro,9495,9495.0,SEK,9.08942985534668,1044.619976291995,547.0247239124785
318,13,SE,Sweden,Europe & Central Asia,High income,2022-01-02 21:52:42.128726,Apple Pencil (2nd generation),1495,1495.0,SEK,9.08942985534668,164.47676298647,547.0247239124785
319,14,SE,Sweden,Europe & Central Asia,High income,2022-01-02 21:52:42.128726,24-inch iMac,15995,15995.0,SEK,9.08942985534668,1759.736337102734,547.0247239124785
320,15,SE,Sweden,Europe & Central Asia,High income,2022-01-02 21:52:42.128726,MacBook Air,12495,12495.0,SEK,9.08942985534668,1374.6736812815668,547.0247239124785
321,16,SE,Sweden,Europe & Central Asia,High income,2022-01-02 21:52:42.128726,Magic Mouse,895,895.0,SEK,9.08942985534668,98.46602198855561,547.0247239124785
322,1,TH,Thailand,East Asia & Pacific,Upper middle income,2022-01-02 21:52:44.257695,iPhone SE,"14,900",14900.0,THB,33.29800033569336,447.4743182709425,424.65441511770047
323,2,TH,Thailand,East Asia & Pacific,Upper middle income,2022-01-02 21:52:44.257695,iPhone 12,"21,900",21900.0,THB,33.29800033569336,657.6971523579624,424.65441511770047
324,4,TH,Thailand,East Asia & Pacific,Upper middle income,2022-01-02 21:52:44.257695,AirPods Pro,"8,992",8992.0,THB,33.29800033569336,270.04624630149766,424.65441511770047
325,5,TH,Thailand,East Asia & Pacific,Upper middle income,2022-01-02 21:52:44.257695,AirPods(2nd generation),"4,990",4990.0,THB,33.29800033569336,149.85884887060422,424.65441511770047
326,7,TH,Thailand,East Asia & Pacific,Upper middle income,2022-01-02 21:52:44.257695,Apple TV 4K,"6,700",6700.0,THB,33.29800033569336,201.2132840547191,424.65441511770047
327,8,TH,Thailand,East Asia & Pacific,Upper middle income,2022-01-02 21:52:44.257695,Apple Watch SE,"9,900",9900.0,THB,33.29800033569336,297.3151510659282,424.65441511770047
328,9,TH,Thailand,East Asia & Pacific,Upper middle income,2022-01-02 21:52:44.257695,Apple Watch Series 3,"6,900",6900.0,THB,33.29800033569336,207.21965074291967,424.65441511770047
329,10,TH,Thailand,East Asia & Pacific,Upper middle income,2022-01-02 21:52:44.257695,Sport Band,"1,600",1600.0,THB,33.29800033569336,48.05093350560456,424.65441511770047
330,11,TH,Thailand,East Asia & Pacific,Upper middle income,2022-01-02 21:52:44.257695,iPad,"11,400",11400.0,THB,33.29800033569336,342.36290122743253,424.65441511770047
331,12,TH,Thailand,East Asia & Pacific,Upper middle income,2022-01-02 21:52:44.257695,iPad Pro,"27,900",27900.0,THB,33.29800033569336,837.8881530039796,424.65441511770047
332,13,TH,Thailand,East Asia & Pacific,Upper middle income,2022-01-02 21:52:44.257695,Apple Pencil (2nd generation),"4,490",4490.0,THB,33.29800033569336,134.8429321501028,424.65441511770047
333,14,TH,Thailand,East Asia & Pacific,Upper middle income,2022-01-02 21:52:44.257695,24-inch iMac,"42,900",42900.0,THB,33.29800033569336,1288.3656546190223,424.65441511770047
334,15,TH,Thailand,East Asia & Pacific,Upper middle income,2022-01-02 21:52:44.257695,MacBook Air,"32,900",32900.0,THB,33.29800033569336,988.0473202089938,424.65441511770047
335,16,TH,Thailand,East Asia & Pacific,Upper middle income,2022-01-02 21:52:44.257695,Magic Mouse,"2,490",2490.0,THB,33.29800033569336,74.7792652680971,424.65441511770047
336,1,US,United States,North America,High income,2022-01-02 21:52:47.021744,iPhone SE,399,399.0,USD,1.0,399.0,408.2857142857143
337,2,US,United States,North America,High income,2022-01-02 21:52:47.021744,iPhone 12,599,599.0,USD,1.0,599.0,408.2857142857143
338,4,US,United States,North America,High income,2022-01-02 21:52:47.021744,AirPods Pro,249,249.0,USD,1.0,249.0,408.2857142857143
339,5,US,United States,North America,High income,2022-01-02 21:52:47.021744,AirPods(2nd generation),129,129.0,USD,1.0,129.0,408.2857142857143
340,7,US,United States,North America,High income,2022-01-02 21:52:47.021744,Apple TV 4K,179.00,179.0,USD,1.0,179.0,408.2857142857143
341,8,US,United States,North America,High income,2022-01-02 21:52:47.021744,Apple Watch SE,279,279.0,USD,1.0,279.0,408.2857142857143
342,9,US,United States,North America,High income,2022-01-02 21:52:47.021744,Apple Watch Series 3,199,199.0,USD,1.0,199.0,408.2857142857143
343,10,US,United States,North America,High income,2022-01-02 21:52:47.021744,Sport Band,49,49.0,USD,1.0,49.0,408.2857142857143
344,11,US,United States,North America,High income,2022-01-02 21:52:47.021744,iPad,329,329.0,USD,1.0,329.0,408.2857142857143
345,12,US,United States,North America,High income,2022-01-02 21:52:47.021744,iPad Pro,799,799.0,USD,1.0,799.0,408.2857142857143
346,13,US,United States,North America,High income,2022-01-02 21:52:47.021744,Apple Pencil (2nd generation),129,129.0,USD,1.0,129.0,408.2857142857143
347,14,US,United States,North America,High income,2022-01-02 21:52:47.021744,24-inch iMac,1299,1299.0,USD,1.0,1299.0,408.2857142857143
348,15,US,United States,North America,High income,2022-01-02 21:52:47.021744,MacBook Air,999,999.0,USD,1.0,999.0,408.2857142857143
349,16,US,United States,North America,High income,2022-01-02 21:52:47.021744,Magic Mouse,79,79.0,USD,1.0,79.0,408.2857142857143
